{
  "project_info": {
    "project_number": "1033016127762",
    "firebase_url": "https://chatapp-13a37.firebaseio.com",
    "project_id": "chatapp-13a37",
    "storage_bucket": "chatapp-13a37.appspot.com"
  },
  "client": [
    {
      "client_info": {
        "mobilesdk_app_id": "1:1033016127762:android:416f5e1beb9de3c4b843cb",
        "android_client_info": {
          "package_name": "com.koddev.chatapp"
        }
      },
      "oauth_client": [
        {
          "client_id": "1033016127762-hvvnf5v9811j6i688epum4jihsamak2o.apps.googleusercontent.com",
          "client_type": 1,
          "android_info": {
            "package_name": "com.koddev.chatapp",
            "certificate_hash": "4a3e9004fab79998992b45010f2d3801f66b9258"
          }
        },
        {
          "client_id": "1033016127762-b9913gcksvadcvip1osvru663vn5cj0p.apps.googleusercontent.com",
          "client_type": 3
        }
      ],
      "api_key": [
        {
          "current_key": "AIzaSyD8p6c59K_HgYpqA8ST95nBPVR7_1kHZ7I"
        }
      ],
      "services": {
        "appinvite_service": {
          "other_platform_oauth_client": [
            {
              "client_id": "1033016127762-b9913gcksvadcvip1osvru663vn5cj0p.apps.googleusercontent.com",
              "client_type": 3
            }
          ]
        }
      }
    }
  ],
  "configuration_version": "1"
}